campus_code,dept_code,dept_name,course_count,ok_course_count,not_found_course_count,error_course_count
H0002256,H0002936,STS(과학기술학)전공,51,50,1,0
H0002256,H0004816,간호학과,109,82,27,0
H0002256,H0004132,간호학과,120,78,42,0
H0002256,H0004817,간호학과(야),44,40,4,1
H0002256,H0004133,간호학과(야),54,37,17,1
H0002256,H0003620,간호학전공,86,46,40,0
H0002256,H0003621,간호학전공(야),56,39,17,1
H0002256,H0002517,건설환경공학과,90,87,3,0
H0002256,H0002521,건축공학부,79,76,3,0
H0002256,H0002886,건축학부,89,89,0,0
H0002256,H0005007,경영공학전공,40,27,13,0
H0002256,H0005239,경영공학전공,40,27,13,0
H0002256,H0002894,경영학부,140,133,7,0
H0002256,H0002933,경제금융학부,87,86,1,0
H0002256,H0003886,고전읽기융합전공,21,21,0,0
H0002256,H0002937,공공수행인문학전공,54,54,0,0
H0002256,H0002839,관광학부,96,94,2,0
H0002256,H0002740,관현악과,133,133,0,0
H0002256,H0002723,교육공학과,118,108,10,0
H0002256,H0002718,교육학과,101,94,7,0
H0002256,H0002741,국악과,184,181,3,0
H0002256,H0002719,국어교육과,99,97,2,0
H0002256,H0002794,국어국문학과,79,76,3,0
H0002256,H0002920,국제학부,99,48,51,0
H0002256,H0005063,국제학부,59,50,9,0
H0002256,H0004738,국제학전공,54,47,7,0
H0002256,H0004360,글로벌 CEO 창업 융합전공,29,25,4,0
H0002256,H0002943,글로벌비즈니스문화전공(영어전용),16,14,2,0
H0002256,H0005064,글로벌콘텐츠융합학부,56,40,16,0
H0002256,H0004739,글로벌한국학전공,44,31,13,0
H0002256,H0002540,기계공학부,137,129,8,0
H0002256,H0004744,데이터사이언스전공,42,35,7,0
H0002256,H0004450,데이터사이언스학과,46,37,9,0
H0002256,H0004707,데이터사이언스학부,28,28,0,0
H0002256,H0005012,데이터융합서비스디자인융합전공,42,18,24,0
H0002256,H0002570,도시공학과,90,87,3,0
H0002256,H0002801,독어독문학과,105,98,7,0
H0002256,H0005010,디지털혁신전략융합전공,41,18,23,0
H0002256,H0003590,무용학과,115,112,3,0
H0002256,H0003561,물리학과,72,69,3,0
H0002256,H0002938,미디어문화전공,15,15,0,0
H0002256,H0002841,미디어커뮤니케이션전공,50,49,1,0
H0002256,H0003665,미디어커뮤니케이션학과,83,81,2,0
H0002256,H0004157,미래인문학융합전공,25,25,0,0
H0002256,H0002541,미래자동차공학과,102,98,4,0
H0002256,H0004800,미래자동차기술융합전공,73,70,3,0
H0002256,H0004713,미래전기에너지신기술융합전공,44,3,41,0
H0002256,H0004701,바이오메디컬공학전공,68,63,5,0
H0002256,H0004397,바이오소프트웨어융합전공,2,0,2,0
H0002256,H0004761,반도체공학과,68,60,8,0
H0002256,H0004770,배터리융합전공,3,0,3,0
H0002256,H0003542,법학과,90,90,0,0
H0002256,H0004322,빅데이터융합전공,19,17,2,0
H0002256,H0002814,사학과,78,78,0,0
H0002256,H0002834,사회과학부,19,17,2,0
H0002256,H0003664,사회학과,68,66,2,0
H0002256,H0002837,사회학전공,44,42,2,0
H0002256,H0004318,사회혁신융합전공,38,28,10,0
H0002256,H0002563,산업공학과,105,97,8,0
H0002256,H0003958,산업융합학부,13,10,3,0
H0002256,H0005238,산업융합학부,11,10,1,0
H0002256,H0003831,생명공학과,78,71,7,0
H0002256,H0002524,생명공학전공,49,46,3,0
H0002256,H0003563,생명과학과,129,124,5,0
H0002256,H0002567,생체공학전공,70,70,0,0
H0002256,H0002256,서울 대학,1420,1060,360,0
H0002256,H0002737,성악과,138,137,1,0
H0002256,H0002518,소프트웨어전공,88,86,2,0
H0002256,H0003560,수학과,83,78,5,0
H0002256,H0002725,수학교육과,92,89,3,0
H0002256,H0002813,수행인문학부,2,2,0,0
H0002256,H0004700,스포츠매니지먼트전공,61,60,1,0
H0002256,H0004708,스포츠사이언스전공,84,81,3,0
H0002256,H0003588,스포츠산업학과,94,93,1,0
H0002256,H0003584,식품영양학과,59,59,0,0
H0002256,H0002581,신소재공학부,102,98,4,0
H0002256,H0003585,실내건축디자인학과,80,75,5,0
H0002256,H0004471,심리뇌과학과,39,36,3,0
H0002256,H0004743,심리뇌과학전공,43,34,9,0
H0002256,H0002530,에너지공학과,84,79,5,0
H0002256,H0003589,연극영화학과,147,147,0,0
H0002256,H0002720,영어교육과,98,91,7,0
H0002256,H0002800,영어영문학과,100,95,5,0
H0002256,H0002939,영어커뮤니케이션전공,21,17,4,0
H0002256,H0004361,예술융합소프트웨어 융합전공,10,9,1,0
H0002256,H0002558,원자력공학과,104,96,8,0
H0002256,H0002525,유기나노공학과,88,77,11,0
H0002256,H0002575,융합전자공학부,105,100,5,0
H0002256,H0002722,응용미술교육과,117,116,1,0
H0002256,H0003960,응용시스템전공,72,39,33,0
H0002256,H0003579,응용시스템학과,56,40,16,0
H0002256,H0003583,의류학과,77,74,3,0
H0002256,H0002599,의예과,98,94,4,0
H0002256,H0002601,의학과,84,81,3,0
H0002256,H0004254,인문공공행정전공,5,3,2,0
H0002256,H0004253,인문소프트웨어융합전공,11,11,0,0
H0002256,H0004237,자동차-SW융합전공,2,0,2,0
H0002256,H0002560,자원환경공학과,103,100,3,0
H0002256,H0002738,작곡과,162,146,16,0
H0002256,H0002574,전기·생체공학부,18,18,0,0
H0002256,H0002520,전기공학전공,102,94,8,0
H0002256,H0005008,정보공학전공,44,25,19,0
H0002256,H0005240,정보공학전공,44,25,19,0
H0002256,H0002867,정보시스템학과,77,72,5,0
H0002256,H0003959,정보융합전공,63,29,34,0
H0002256,H0002983,정책학과,106,106,0,0
H0002256,H0003663,정치외교학과,71,70,1,0
H0002256,H0002835,정치외교학전공,49,49,0,0
H0002256,H0002950,중국경제통상전공,30,29,1,0
H0002256,H0002940,중국어커뮤니케이션전공,11,9,2,0
H0002256,H0002809,중어중문학과,93,86,7,0
H0002256,H0003878,창업융합전공,49,40,9,0
H0002256,H0003877,창업융합학과,1,1,0,0
H0002256,H0002815,철학과,68,68,0,0
H0002256,H0003587,체육학과,123,120,3,0
H0002256,H0004134,컴퓨터소프트웨어학부,78,74,4,0
H0002256,H0002519,컴퓨터전공,91,91,0,0
H0002256,H0002942,통상한국어커뮤니케이션전공,13,13,0,0
H0002256,H0002895,파이낸스경영학과,100,94,6,0
H0002256,H0002739,피아노과,121,120,1,0
H0002256,H0005006,한양인터칼리지학부,124,30,94,0
H0002256,H0005245,한양인터칼리지학부,124,30,94,0
H0002256,H0003725,한중통번역전공,25,15,10,0
H0002256,H0003666,행정학과,91,88,3,0
H0002256,H0002836,행정학전공,52,50,2,0
H0002256,H0002522,화공생명공학부,15,15,0,0
H0002256,H0003830,화학공학과,106,94,12,0
H0002256,H0002523,화학공학전공,64,60,4,0
H0002256,H0003562,화학과,90,89,1,0
